,result,eval,temperature,base_model
0,"Great, let's get started! Here are my answers to your quiz:

1. Er der forskel på GDPR og dataetik?
* Answer: 2. Yes, there is a difference between GDPR and data ethics. GDPR is a legal framework that sets out the rights of individuals regarding their personal data, while data ethics refers to the principles and values that guide the handling of personal data.
2. Hvad er dataetik?
* Answer: 1. Data ethics refers to the principles and values that guide the handling of personal data. It involves making decisions about how to collect, store, use, and protect personal data in an ethical and responsible manner.
3. Hvad er GDPR?
* Answer: 2. GDPR stands for General Data Protection Regulation, which is a legal framework that sets out the rights of individuals regarding their personal data in the European Union.
4. Betyder GDPR, at jeg har pligt til at udlevere oplysninger om mig selv til min arbejdsgiver?
* Answer: 2. Yes, under the GDPR, you have the right to request that your employer provides you with a copy of your personal data and to request that they correct or delete any inaccurate or unnecessary data.
5. Hvilken myndighed fører tilsyn med finansielle virksomheders overholdelse af persondatareglerne i Danmark?
* Answer: 1. The Danish Data Protection Agency (Datatilsynet) is responsible for enforcing the Personal Data Act in Denmark.
6. Hvad sker der med mine data, når jeg forlader min arbejdsplads?
* Answer: 2. Under the GDPR, your employer is required to delete any personal data they hold about you after a period of five years from the date you left the company, unless they have a legitimate reason to keep it.
7. Må din arbejdsgiver overvåge din mobiltelefon via en GPS?
* Answer: 2. No, under the GDPR, your employer is not allowed to monitor your location or track your movements using GPS without your explicit consent. They must have a valid reason for doing so and inform you about the purpose of the monitoring and any consequences of it.","['Great', 'get', 'Here', 'are', 'answers', 'your', 'Answer', 'there', 'between', 'ethics', 'framework', 'that', 'rights', 'of', 'individuals', 'regarding', 'their', 'while', 'ethics', 'values', 'that', 'of', 'Answer', 'ethics', 'values', 'that', 'of', 'involves', 'making', 'about', 'how', 'collect', 'use', 'protect', 'ethical', 'responsible', 'manner', 'Answer', 'Protection', 'which', 'framework', 'that', 'rights', 'of', 'individuals', 'regarding', 'their', 'European', 'Answer', 'you', 'right', 'request', 'that', 'your', 'employer', 'you', 'with', 'copy', 'of', 'your', 'request', 'that', 'they', 'correct', 'or', 'any', 'inaccurate', 'or', 'unnecessary', 'Answer', 'Protection', 'Agency', 'responsible', 'enforcing', 'Act', 'Denmark', 'Answer', 'your', 'employer', 'required', 'any', 'they', 'about', 'you', 'of', 'five', 'years', 'you', 'left', 'company', 'unless', 'they', 'legitimate', 'reason', 'keep', 'Answer', 'your', 'employer', 'allowed', 'your', 'or', 'your', 'movements', 'using', 'without', 'your', 'explicit', 'consent', 'They', 'reason', 'doing', 'you', 'about', 'of', 'monitoring', 'any', 'consequences', 'of']",1,llama2:7b
1,"Great, I'm ready to help you with the quiz! Here are my answers:

1. Er der forskel på GDPR og dataetik?
Answer: 2. Ja, det er forskellige ting. GDPR stands for General Data Protection Regulation, which is a European Union regulation related to the protection of personal data, while dataetik refers to ethical considerations related to the collection, storage, and use of personal data.
2. Hvad er dataetik?
Answer: 1. Love og regler om datahåndtering. Dataetik is a set of rules and guidelines for handling personal data in an ethical and responsible manner.
3. Hvad er GDPR?
Answer: 2. En EU-forordning om databeskyttelse. GDPR stands for General Data Protection Regulation, which is a European Union regulation related to the protection of personal data.
4. Betyder GDPR, at jeg har pligt til at udlevere oplysninger om mig selv til min arbejdsgiver?
Answer: 2. Ja, hvis jeg arbejder med fortrolige oplysninger. According to the GDPR, you have the right to refuse to provide personal data to your employer if it is sensitive information.
5. Hvilken myndighed fører tilsyn med finansielle virksomheders overholdelse af persondatareglerne i Danmark?
Answer: 1. Datatilsynet. The Danish Data Protection Agency (Datatilsynet) is responsible for enforcing the Personal Data Act in Denmark.
6. Hvad sker der med mine data, når jeg forlader min arbejdsplads?
Answer: 2. Alle mine data slettes automatisk, når jeg forlader arbejdspladsen. According to the Personal Data Act in Denmark, your employer is required to delete your personal data within five years after you have left the job.
7. Må din arbejdsgiver overvåge din mobiltelefon via en GPS?
Answer: 2. Nej, det er ikke lovligt. According to the Danish Personal Data Act, it is not allowed to track someone's location without their consent, and using a GPS to monitor an employee's location without their permission could be considered a violation of their privacy rights.","['Great', 'ready', 'help', 'you', 'with', 'Here', 'are', 'answers', 'Answer', 'Protection', 'which', 'European', 'related', 'protection', 'of', 'while', 'ethical', 'considerations', 'related', 'collection', 'storage', 'use', 'of', 'Answer', 'of', 'rules', 'ethical', 'responsible', 'manner', 'Answer', 'Protection', 'which', 'European', 'related', 'protection', 'of', 'Answer', 'According', 'you', 'right', 'refuse', 'your', 'employer', 'if', 'Answer', 'Protection', 'Agency', 'responsible', 'enforcing', 'Act', 'Denmark', 'Answer', 'According', 'Act', 'Denmark', 'your', 'employer', 'required', 'your', 'within', 'five', 'years', 'you', 'left', 'Answer', 'According', 'Act', 'allowed', 'someone', 'without', 'their', 'consent', 'using', 'employee', 'without', 'their', 'could', 'be', 'considered', 'violation', 'of', 'their', 'privacy', 'rights']",1,llama2:7b
0,"Great, I'm happy to help you with the quiz! Here are my answers:

1. Er der forskel på GDPR og dataetik?
Answer: 2. Ja, det er forskellige ting. GDPR stands for General Data Protection Regulation, which is a European Union regulation that sets out the rules for collecting, storing, and using personal data. Dataetik, on the other hand, refers to ethical considerations related to data handling, such as privacy, security, and transparency.
2. Hvad er dataetik?
Answer: 1. Love og regler om datahåndtering. Dataetik is a set of rules and guidelines for handling personal data in an ethical and responsible manner.
3. Hvad er GDPR?
Answer: 2. En EU-forordning om databeskyttelse. GDPR stands for General Data Protection Regulation, which is a European Union regulation that sets out the rules for collecting, storing, and using personal data.
4. Betyder GDPR, at jeg har pligt til at udlevere oplysninger om mig selv til min arbejdsgiver?
Answer: 2. Ja, hvis du arbejder med fortrolige oplysninger. If you work with sensitive information, your employer may have the right to request personal data about you under GDPR.
5. Hvilken myndighed fører tilsyn med finansielle virksomheders overholdelse af persondatareglerne i Danmark?
Answer: 1. Datatilsynet. In Denmark, the Data Protection Agency (Datatilsynet) is responsible for enforcing the Personal Data Act and ensuring that financial institutions comply with data protection regulations.
6. Hvad sker der med mine data, når jeg forlader min arbejdsplads?
Answer: 2. Alle mine data slettes automatisk, når jeg forlader arbejdspladsen. When you leave your job, your employer is required to delete all personal data about you within five years under Danish law.
7. Må din arbejdsgiver overvåge din mobiltelefon via en GPS?
Answer: 2. Nej, det er ikke lovligt. Your employer cannot use a GPS to track your mobile phone without your consent, as this would be a violation of your privacy under Danish law.","['Great', 'happy', 'help', 'you', 'with', 'Here', 'are', 'answers', 'Answer', 'Protection', 'which', 'European', 'that', 'rules', 'collecting', 'storing', 'using', 'on', 'other', 'hand', 'ethical', 'considerations', 'related', 'such', 'privacy', 'transparency', 'Answer', 'of', 'rules', 'ethical', 'responsible', 'manner', 'Answer', 'Protection', 'which', 'European', 'that', 'rules', 'collecting', 'storing', 'using', 'Answer', 'If', 'you', 'work', 'with', 'your', 'employer', 'may', 'right', 'request', 'about', 'you', 'Answer', 'Denmark', 'Protection', 'Agency', 'responsible', 'enforcing', 'Act', 'ensuring', 'that', 'financial', 'comply', 'with', 'protection', 'Answer', 'When', 'you', 'leave', 'your', 'your', 'employer', 'required', 'all', 'about', 'you', 'within', 'five', 'years', 'law', 'Answer', 'Your', 'employer', 'can', 'use', 'your', 'phone', 'without', 'your', 'consent', 'would', 'be', 'violation', 'of', 'your', 'privacy', 'law']",0,llama2:7b
1,"Great, I'm happy to help you with the quiz! Here are my answers:

1. Er der forskel på GDPR og dataetik?
Answer: 2. Ja, det er forskellige ting. GDPR stands for General Data Protection Regulation, which is a European Union regulation that sets out the rules for collecting, storing, and using personal data. Dataetik, on the other hand, refers to ethical considerations related to data handling, such as privacy, security, and transparency.
2. Hvad er dataetik?
Answer: 1. Love og regler om datahåndtering. Dataetik is a set of rules and guidelines for handling personal data in an ethical and responsible manner.
3. Hvad er GDPR?
Answer: 2. En EU-forordning om databeskyttelse. GDPR stands for General Data Protection Regulation, which is a European Union regulation that sets out the rules for collecting, storing, and using personal data.
4. Betyder GDPR, at jeg har pligt til at udlevere oplysninger om mig selv til min arbejdsgiver?
Answer: 2. Ja, hvis du arbejder med fortrolige oplysninger. If you work with sensitive information, your employer may have the right to request personal data about you under GDPR.
5. Hvilken myndighed fører tilsyn med finansielle virksomheders overholdelse af persondatareglerne i Danmark?
Answer: 1. Datatilsynet. In Denmark, the Data Protection Agency (Datatilsynet) is responsible for enforcing the Personal Data Act and ensuring that financial institutions comply with data protection regulations.
6. Hvad sker der med mine data, når jeg forlader min arbejdsplads?
Answer: 2. Alle mine data slettes automatisk, når jeg forlader arbejdspladsen. When you leave your job, your employer is required to delete all personal data about you within five years under Danish law.
7. Må din arbejdsgiver overvåge din mobiltelefon via en GPS?
Answer: 2. Nej, det er ikke lovligt. Your employer cannot use a GPS to track your mobile phone without your consent, as this would be a violation of your privacy under Danish law.","['Great', 'happy', 'help', 'you', 'with', 'Here', 'are', 'answers', 'Answer', 'Protection', 'which', 'European', 'that', 'rules', 'collecting', 'storing', 'using', 'on', 'other', 'hand', 'ethical', 'considerations', 'related', 'such', 'privacy', 'transparency', 'Answer', 'of', 'rules', 'ethical', 'responsible', 'manner', 'Answer', 'Protection', 'which', 'European', 'that', 'rules', 'collecting', 'storing', 'using', 'Answer', 'If', 'you', 'work', 'with', 'your', 'employer', 'may', 'right', 'request', 'about', 'you', 'Answer', 'Denmark', 'Protection', 'Agency', 'responsible', 'enforcing', 'Act', 'ensuring', 'that', 'financial', 'comply', 'with', 'protection', 'Answer', 'When', 'you', 'leave', 'your', 'your', 'employer', 'required', 'all', 'about', 'you', 'within', 'five', 'years', 'law', 'Answer', 'Your', 'employer', 'can', 'use', 'your', 'phone', 'without', 'your', 'consent', 'would', 'be', 'violation', 'of', 'your', 'privacy', 'law']",0,llama2:7b
