,Id,Temperature,Modelfile,Base model,res_6bc8ee8c-31d7-4b20-b653-e8f3373b9505
0,8f5d0938-ab15-4c33-8017-55044aa51b8a:latest,1,"# Modelfile generated by ""ollama show""
# To build a new Modelfile based on this one, replace the FROM line with:
# FROM 8f5d0938-ab15-4c33-8017-55044aa51b8a:latest

FROM mistral:7b
TEMPLATE """"""[INST] {{ .System }} {{ .Prompt }} [/INST]""""""
SYSTEM """"""
Jeg vil have du svare på nedenstående quiz vedrørende dataetik. Quizzen er multiple-choice og du skal vælge en af de tre svarmuligheder, som står under hvert spørgsmål. Du er velkommen til at uddybe og begrunde dine svar.
Du må under ingen omstændigheder svare på andre sprog end dansk.

1. Er der forskel på GDPR og dataetik?
    1. Nej, det er to begreber for det samme
    2. Ja, det er forskellige ting 
    3. Det kommer an på konteksten
2. Hvad er dataetik?
    1. Love og regler om datahåndtering
    2. Etiske dilemmaer ved data
    3. God praksis, når man indsamler, bruger og deler data
3. Hvad er GDPR?
    1. En dansk lov om databeskyttelse
    2. En EU-forordning om databeskyttelse
    3. En international aftale om databeskyttelse
4. Betyder GDPR, at jeg har pligt til at udlevere oplysninger om mig selv til min arbejdsgiver?
    1. Ja
    2. Ja, hvis jeg arbejder med fortrolige oplysninger
    3. Nej
5. Hvilken myndighed fører tilsyn med finansielle virksomheders overholdelse af persondatareglerne i Danmark?
    1. Datatilsynet
    2. Finanstilsynet
    3. Konkurrence- og Forbrugerstyrelsen
6. Hvad sker der med mine data, når jeg forlader min arbejdsplads?
    1. Arbejdsgiver beholder mine data i op til fem år efter jeg har forladt arbejdspladen
    2. Alle mine data slettes automatisk, når jeg forlader arbejdspladsen
    3. Jeg skal sørge for at tage mine data med mig til min nye arbejdsgiver
7. Må din arbejdsgiver overvåge din mobiltelefon via en GPS?
    1. Ja, hvis det er en firmatelefon
    2. Nej, det er ikke lovligt
    3. Kun hvis det er et sagligt formål

""""""
PARAMETER num_ctx 32768
PARAMETER stop ""</s>""
PARAMETER stop ""[INST]""
PARAMETER stop ""[/INST]""
PARAMETER stop ""<<SYS>>""
PARAMETER stop ""<</SYS>>""
PARAMETER temperature 1
",mistral:7b," 1. Ja, det er forskellige ting:
GDPR (General Data Protection Regulation) er en EU-forordning om databeskyttelse, som regulerer hvordan privatpersoners data kan samles, bruges og deles. Dataetik er et samling af etiske dilemmaer og bestemmelser, der er knyttet til håndtering af data, og det kan omfatte både lovmæssige og etiske aspekter.
2. Etiske dilemmaer ved data:
Dataetik handler om ethiske dilemmaer, der opstår ved indsamling, brug og bearbejdnelse af data, såsom overvågning af privatliv, beskyttelse af personlige livsførende data og transparence i hvorledes data bliver brugt.
3. En EU-forordning om databeskyttelse:
GDPR er en EU-forordning om databeskyttelse, der regulerer hvad privatpersoners persondata kan tilpasse sig og hvad firmaer kan gøre med disse data.
4. Ja, jeg har pligt:
Ja, i udstrakt grad er arbejdsgivern pligtig til at hente oplysninger om ansatterne efter arbejdsretten. Det drejer sig især om oplysninger, der er nødvendige for at udøve ansvarlig og effektiv løn- og regnskabsafgift samt for sikring af arbejdspladsen.
5. Datatilsynet:
Datatilsynet (DPA) er den myndighed i Danmark, der er ansvarlig for at overvåge og tilsynelægge med hvordan privatsector og offentlige institutioner håndterer persondata.
6. Arbejdsgiver beholder mine data:
Ja, det kan være tilfælde, at arbejdsgiveren beholder ansatternes data op til fem år efter forlodelsen fra arbejdspladsen. Dette gør ikke betydning for, hvordan arbejdsgiveren må bruge disse data.
7. Ja, hvis det er en firmatelefon:
Ja, i visse tilfælde kan arbejdsgiveren overvåge ansatters mobiltelefoner gennem GPS for at sikre effektivitet og prodktivitet. Det skal dog være i overensstemmelse med arbejdsretten og er kun lovligt under visse betingelser."
1,c580ba02-9ce8-4217-a8bf-5b01c3853ca8:latest,0.5,"# Modelfile generated by ""ollama show""
# To build a new Modelfile based on this one, replace the FROM line with:
# FROM c580ba02-9ce8-4217-a8bf-5b01c3853ca8:latest

FROM mistral:7b
TEMPLATE """"""[INST] {{ .System }} {{ .Prompt }} [/INST]""""""
SYSTEM """"""
Jeg vil have du svare på nedenstående quiz vedrørende dataetik. Quizzen er multiple-choice og du skal vælge en af de tre svarmuligheder, som står under hvert spørgsmål. Du er velkommen til at uddybe og begrunde dine svar.
Du må under ingen omstændigheder svare på andre sprog end dansk.

1. Er der forskel på GDPR og dataetik?
    1. Nej, det er to begreber for det samme
    2. Ja, det er forskellige ting 
    3. Det kommer an på konteksten
2. Hvad er dataetik?
    1. Love og regler om datahåndtering
    2. Etiske dilemmaer ved data
    3. God praksis, når man indsamler, bruger og deler data
3. Hvad er GDPR?
    1. En dansk lov om databeskyttelse
    2. En EU-forordning om databeskyttelse
    3. En international aftale om databeskyttelse
4. Betyder GDPR, at jeg har pligt til at udlevere oplysninger om mig selv til min arbejdsgiver?
    1. Ja
    2. Ja, hvis jeg arbejder med fortrolige oplysninger
    3. Nej
5. Hvilken myndighed fører tilsyn med finansielle virksomheders overholdelse af persondatareglerne i Danmark?
    1. Datatilsynet
    2. Finanstilsynet
    3. Konkurrence- og Forbrugerstyrelsen
6. Hvad sker der med mine data, når jeg forlader min arbejdsplads?
    1. Arbejdsgiver beholder mine data i op til fem år efter jeg har forladt arbejdspladen
    2. Alle mine data slettes automatisk, når jeg forlader arbejdspladsen
    3. Jeg skal sørge for at tage mine data med mig til min nye arbejdsgiver
7. Må din arbejdsgiver overvåge din mobiltelefon via en GPS?
    1. Ja, hvis det er en firmatelefon
    2. Nej, det er ikke lovligt
    3. Kun hvis det er et sagligt formål

""""""
PARAMETER num_ctx 32768
PARAMETER stop ""</s>""
PARAMETER stop ""[INST]""
PARAMETER stop ""[/INST]""
PARAMETER stop ""<<SYS>>""
PARAMETER stop ""<</SYS>>""
PARAMETER temperature 0.5
",mistral:7b," 1. Ja, det er forskellige ting:
GDPR (General Data Protection Regulation) er en EU-forordning om databeskyttelse, der regulerer hvordan persondata skal behandles og beskyttes. Dataetik er et samlebegreb, som omfatter alle aspekter af datahåndtering, herunder etiske dilemmaer, god praksis og love og regler. Derfor er de to forskellige ting, selvom de ofte er relateret til hinanden.

2. Etiske dilemmaer ved data:
Dataetik omhandler etiske dilemmaer, der opstår i forbindelse med indsamling, brug og bearbejdnings af data. Disse dilemmer kan for eksempel være knyttet til overholdelse af personlige integritet, informationsfrihed, transparence, sikkerhed mv.

3. En EU-forordning om databeskyttelse:
GDPR er en EU-forordning om databeskyttelse, der trådte i kraft den 25. maj 2018. Den afløste den tidligere EU-dataprotektionsforordning (DP Directive) fra 1995.

4. Ja, jeg har pligt til at udlevere oplysninger om mig selv til min arbejdsgiver:
Ja, ifølge GDPR er arbejdsgiverne ansvarlige for at indsamle og behandle persondata om medarbejderne, herunder deres personoplysninger. Disse oplysninger skal være nødvendige til arbejdsforholdet og skal samlet i en form, der er transparent for medarbejderne.

5. Datatilsynet:
Datatilsynet (DT) er den danske myndighed, som fører tilsyn med overholdelse af persondatareglerne i Danmark. Det er oprettet under EU-forordningen om dataskyttelsesmyndigheder (GDPR Artikel 56).

6. Arbejdsgiver beholder mine data i op til fem år efter jeg har forladt arbejdspladen:
Ja, ifølge GDPR er arbejdsgiverne ansvarlige for at beholde persondata om medarbejderne i op til fem år efter sluttingen af arbejdsforholdet. Det gælder dog kun hvis dataene er nødvendige til yderligere formål, f.eks. til at sikre retssikkerhed eller for at opfylde lovgivning i andre områder.

7. Ja, hvis det er en firmatelefon:
Ja, ifølge GDPR er arbejdsgiverne tilladt at overvåge medarbejdernes mobiltelefoner via en GPS, hvis de har en firma-ejet telefon. Disse data skal dog kun bruges til at opnå et legitim formål, f.eks. at sikre arbejdets effektivitet eller at styrke sikkerheden i virksomheden."
2,f6c723ae-39ed-45da-8a7d-aceedfcab2d9:latest,0,"# Modelfile generated by ""ollama show""
# To build a new Modelfile based on this one, replace the FROM line with:
# FROM f6c723ae-39ed-45da-8a7d-aceedfcab2d9:latest

FROM mistral:7b
TEMPLATE """"""[INST] {{ .System }} {{ .Prompt }} [/INST]""""""
SYSTEM """"""
Jeg vil have du svare på nedenstående quiz vedrørende dataetik. Quizzen er multiple-choice og du skal vælge en af de tre svarmuligheder, som står under hvert spørgsmål. Du er velkommen til at uddybe og begrunde dine svar.
Du må under ingen omstændigheder svare på andre sprog end dansk.

1. Er der forskel på GDPR og dataetik?
    1. Nej, det er to begreber for det samme
    2. Ja, det er forskellige ting 
    3. Det kommer an på konteksten
2. Hvad er dataetik?
    1. Love og regler om datahåndtering
    2. Etiske dilemmaer ved data
    3. God praksis, når man indsamler, bruger og deler data
3. Hvad er GDPR?
    1. En dansk lov om databeskyttelse
    2. En EU-forordning om databeskyttelse
    3. En international aftale om databeskyttelse
4. Betyder GDPR, at jeg har pligt til at udlevere oplysninger om mig selv til min arbejdsgiver?
    1. Ja
    2. Ja, hvis jeg arbejder med fortrolige oplysninger
    3. Nej
5. Hvilken myndighed fører tilsyn med finansielle virksomheders overholdelse af persondatareglerne i Danmark?
    1. Datatilsynet
    2. Finanstilsynet
    3. Konkurrence- og Forbrugerstyrelsen
6. Hvad sker der med mine data, når jeg forlader min arbejdsplads?
    1. Arbejdsgiver beholder mine data i op til fem år efter jeg har forladt arbejdspladen
    2. Alle mine data slettes automatisk, når jeg forlader arbejdspladsen
    3. Jeg skal sørge for at tage mine data med mig til min nye arbejdsgiver
7. Må din arbejdsgiver overvåge din mobiltelefon via en GPS?
    1. Ja, hvis det er en firmatelefon
    2. Nej, det er ikke lovligt
    3. Kun hvis det er et sagligt formål

""""""
PARAMETER num_ctx 32768
PARAMETER stop ""</s>""
PARAMETER stop ""[INST]""
PARAMETER stop ""[/INST]""
PARAMETER stop ""<<SYS>>""
PARAMETER stop ""<</SYS>>""
PARAMETER temperature 0
",mistral:7b," 1. Ja, det er forskellige ting:
GDPR (General Data Protection Regulation) er en EU-forordning om databeskyttelse, som regulerer hvordan persondata skal behandles. Dataetik er et samling af principer, regler og praksis, der rører de etiske aspekter ved indsamling, brug og bearbejdnings af data.
2. Etiske dilemmaer ved data: Ja, det er en del af dataetik. Dataetik omhandler både lovmæssige rammer for datahåndtering samt etiske spørgsmål, der opstår i forbindelse med indsamling, bearbejdnings og brug af data.
3. EU-forordning om databeskyttelse: Ja, det er GDPR.
4. Nej:
Arbejdsgiveren har pligt til at beholde oplysninger om ansatterne i forbindelse med arbejdsforholdet, men ikke alle oplysninger om ansatternes personlige liv er tilladte at samles og bebores.
5. Datatilsynet:
Datatilsynet er den danske myndighed, der fører tilsyn med finansielle virksomheders overholdelse af persondatareglerne.
6. Arbejdsgiver beholder mine data i op til fem år efter jeg har forladt arbejdspladen: Ja, det er en regel i GDPR.
7. Ja, hvis det er en firmatelefon:
Arbejdsgiveren kan overvåge ansatters mobiltelefoner med GPS, hvis de er firmatelefoner, men kun for særlige formål og under begrænsninger. Ansatterens samtykke er ofte krævet."
3,mistral:7b,0.8,"# Modelfile generated by ""ollama show""
# To build a new Modelfile based on this one, replace the FROM line with:
# FROM mistral:7b

FROM /Users/nshern/.ollama/models/blobs/sha256:c70fa74a8e81c3bd041cc2c30152fe6e251fdc915a3792147147a5c06bc4b309
TEMPLATE """"""[INST] {{ .System }} {{ .Prompt }} [/INST]""""""
PARAMETER num_ctx 32768
PARAMETER stop ""</s>""
PARAMETER stop ""[INST]""
PARAMETER stop ""[/INST]""
PARAMETER stop ""<<SYS>>""
PARAMETER stop ""<</SYS>>""
",/Users/nshern/.ollama/models/blobs/sha256:c70fa74a8e81c3bd041cc2c30152fe6e251fdc915a3792147147a5c06bc4b309," I'm here to help answer any questions you might have or assist with a task. However, it seems like your message is incomplete as there's no question or request provided. If you could please provide more context or information, I'd be happy to try and help. In the meantime, here are some topics I can assist with:

1. Math problems
2. Science questions
3. English grammar and composition
4. Translating text between languages
5. Finding information on a specific topic
6. Providing explanations for complex concepts
7. Offering suggestions for books, movies, or TV shows based on your preferences
8. Generating creative writing prompts or ideas
9. Helping you learn new skills or hobbies
10. Providing tips and tricks for productivity and time management

Let me know if there's anything specific you need help with, or if you have any other questions!"
