Id,Temperature,Modelfile,Base model,res_6bc8ee8c-31d7-4b20-b653-e8f3373b9505,res_f030160e-fe1f-464a-a320-a7f229326cca,res_eb995d30-9d64-478c-8305-a0c423257baf,res_95b00bd9-0902-48f8-b2f0-dedc90c9f2c3,eval_6bc8ee8c-31d7-4b20-b653-e8f3373b9505,eval_f030160e-fe1f-464a-a320-a7f229326cca,eval_eb995d30-9d64-478c-8305-a0c423257baf,eval_95b00bd9-0902-48f8-b2f0-dedc90c9f2c3
8f5d0938-ab15-4c33-8017-55044aa51b8a:latest,1,"# Modelfile generated by ""ollama show""
# To build a new Modelfile based on this one, replace the FROM line with:
# FROM 8f5d0938-ab15-4c33-8017-55044aa51b8a:latest

FROM mistral:7b
TEMPLATE """"""[INST] {{ .System }} {{ .Prompt }} [/INST]""""""
SYSTEM """"""
Jeg vil have du svare på nedenstående quiz vedrørende dataetik. Quizzen er multiple-choice og du skal vælge en af de tre svarmuligheder, som står under hvert spørgsmål. Du er velkommen til at uddybe og begrunde dine svar.
Du må under ingen omstændigheder svare på andre sprog end dansk.

1. Er der forskel på GDPR og dataetik?
    1. Nej, det er to begreber for det samme
    2. Ja, det er forskellige ting 
    3. Det kommer an på konteksten
2. Hvad er dataetik?
    1. Love og regler om datahåndtering
    2. Etiske dilemmaer ved data
    3. God praksis, når man indsamler, bruger og deler data
3. Hvad er GDPR?
    1. En dansk lov om databeskyttelse
    2. En EU-forordning om databeskyttelse
    3. En international aftale om databeskyttelse
4. Betyder GDPR, at jeg har pligt til at udlevere oplysninger om mig selv til min arbejdsgiver?
    1. Ja
    2. Ja, hvis jeg arbejder med fortrolige oplysninger
    3. Nej
5. Hvilken myndighed fører tilsyn med finansielle virksomheders overholdelse af persondatareglerne i Danmark?
    1. Datatilsynet
    2. Finanstilsynet
    3. Konkurrence- og Forbrugerstyrelsen
6. Hvad sker der med mine data, når jeg forlader min arbejdsplads?
    1. Arbejdsgiver beholder mine data i op til fem år efter jeg har forladt arbejdspladen
    2. Alle mine data slettes automatisk, når jeg forlader arbejdspladsen
    3. Jeg skal sørge for at tage mine data med mig til min nye arbejdsgiver
7. Må din arbejdsgiver overvåge din mobiltelefon via en GPS?
    1. Ja, hvis det er en firmatelefon
    2. Nej, det er ikke lovligt
    3. Kun hvis det er et sagligt formål

""""""
PARAMETER num_ctx 32768
PARAMETER stop ""</s>""
PARAMETER stop ""[INST]""
PARAMETER stop ""[/INST]""
PARAMETER stop ""<<SYS>>""
PARAMETER stop ""<</SYS>>""
PARAMETER temperature 1
",mistral:7b," 1. Ja, det er forskellige ting:
GDPR (General Data Protection Regulation) er en EU-forordning om databeskyttelse, som regulerer hvordan privatpersoners data kan samles, bruges og deles. Dataetik er et samling af etiske dilemmaer og bestemmelser, der er knyttet til håndtering af data, og det kan omfatte både lovmæssige og etiske aspekter.
2. Etiske dilemmaer ved data:
Dataetik handler om ethiske dilemmaer, der opstår ved indsamling, brug og bearbejdnelse af data, såsom overvågning af privatliv, beskyttelse af personlige livsførende data og transparence i hvorledes data bliver brugt.
3. En EU-forordning om databeskyttelse:
GDPR er en EU-forordning om databeskyttelse, der regulerer hvad privatpersoners persondata kan tilpasse sig og hvad firmaer kan gøre med disse data.
4. Ja, jeg har pligt:
Ja, i udstrakt grad er arbejdsgivern pligtig til at hente oplysninger om ansatterne efter arbejdsretten. Det drejer sig især om oplysninger, der er nødvendige for at udøve ansvarlig og effektiv løn- og regnskabsafgift samt for sikring af arbejdspladsen.
5. Datatilsynet:
Datatilsynet (DPA) er den myndighed i Danmark, der er ansvarlig for at overvåge og tilsynelægge med hvordan privatsector og offentlige institutioner håndterer persondata.
6. Arbejdsgiver beholder mine data:
Ja, det kan være tilfælde, at arbejdsgiveren beholder ansatternes data op til fem år efter forlodelsen fra arbejdspladsen. Dette gør ikke betydning for, hvordan arbejdsgiveren må bruge disse data.
7. Ja, hvis det er en firmatelefon:
Ja, i visse tilfælde kan arbejdsgiveren overvåge ansatters mobiltelefoner gennem GPS for at sikre effektivitet og prodktivitet. Det skal dog være i overensstemmelse med arbejdsretten og er kun lovligt under visse betingelser."," 1. Ja, det er forskellige ting:
GDPR (General Data Protection Regulation) er en EU-forordning om databeskyttelse, der regulerer hvordan persondata samles, bruges og behandles. Dataetik er et moralsk studie af hvordan vi skal hantere data, baseret på etiske principper. Derfor er de to forskellige ting.
2. Etiske dilemmaer ved data: 
Dataetik handler om etiske dilemmaer, der opstår ved indsamling, bearbejding og brug af data, så svar nummer 2 er den rigtige besvarelse. Det kan være spørgsmål om, hvorledes vi bør behandle persondata fra et ethisk perspektiv, som fx opretholdelse af personlig integritet og privatliv, samt at undgå skadelig brug af data.
3. En EU-forordning om databeskyttelse: 
GDPR er en EU-forordning om databeskyttelse, derfor svar nummer 2 er den rigtige besvarelse. Det er en komplet overhaul af de europæiske lovgivninger i forhold til databeskyttelse og er effektvidig fra 25. maj 2018.
4. Ja, hvis jeg arbejder med fortrolige oplysninger: 
Ja, udlevering af oplysninger om sig selv til arbejdsgiver er en del af arbejdsforholdene. Det gælder dog kun for oplysninger, der er nødvendige for at arbejde effektivt, og oplysningerne skal være fortrolige. For almindelige personoplysninger (som navn, adresse etc.) gælder i reglen GDPR-reglerne om indsamling, bearbejdning og længere bevaring af data.
5. Datatilsynet: 
Datatilsynet er den myndighed i Danmark, der overvåger at alle har opfyldt de lovgivelige krav vedrørende databeskyttelse, herunder GDPR. Derfor svar nummer 1 er rigtig.
6. Arbejdsgiver beholder mine data i op til fem år efter jeg har forladt arbejdspladen: 
Ja, det er generelt sande, at en arbejdsplads kan beholde persondata om tidligere ansatte i op til fem år efter deres afskedgivelse. Det gælder dog kun hvis dataene er nødvendige for den tidligere arbejdsgivers virksomhed eller for at opfylde love og regler. For personoplysninger, som ikke er nødvendige for den tidligere arbejdsplads, skal de slette dem, hvis der ikke findes andre gældende krav til at bevares.
7. Ja, hvis det er en firmatelefon: 
Ja, hvis en ansat bruger en firmatelefon, så kan arbejdsgiveren overvåge den gennem en GPS-stikke i telefonen. Derfor svar nummer 1 er rigtig, men det skal gøres i henhold til GDPR's love om databeskyttelse og arbejderansatsernes rettigheder til personlig integritet. Derfor bør der være klare regler for overvågelse af ansatte med hjælpestøtte i form af mobiltelefoner."," 1. Ja, det er forskellige ting:
GDPR (General Data Protection Regulation) er en EU-forordning om databeskyttelse, der regulerer hvordan persondata er samlet, bruges og beskyttes. Dataetik danner på sin side et sammenhangende felt af studier om moralsk god og ondt vedrørende håndtering af data. Derfor er de to forskellige tinger: GDPR er en lov- og regelramme, mens dataetik er et etisk perspektiv på hvordan vi skal hande data.

2. Ja, det er love og regler om datahåndtering:
GDPR er en forordning der indeholder bestemmelser om, hvordan man skal indsamle, behandle, opbevare og deles persondata. Dataetik danner et etisk perspektiv på disse bestemmelser og foreslår gode praksis og moralske principper til at overholde ved håndtering af data.

3. Ja, den er en EU-forordning om databeskyttelse:
GDPR er en forordning indført i alle EU-lande i maj 2018, der regulerer hvordan persondata skal indsamles, behandles og beskyttes. Den afløser den tidligere databeskyttelsesforordning, Data Protections Directive (DPD), fra 1995.

4. Ja, jeg har pligt til at udlevere oplysninger om mig selv til min arbejdsgiver:
GDPR kræver, at arbejdsgivere får de personlige data nødvendige for at administrere arbejdsforholdet. Disse oplysninger er normalt opnået ved ansøgningen om stilling og skal behandles i en transparent, sikker og god praksis.

5. Datatilsynet:
Datatilsynet (DT) er den danske myndighed der er ansvarlig for at overvåge og kontrollere at offentlige og privatre virksomheder følger lovgivning om databeskyttelse. Virksomheder i Danmark skal registreres hos Datatilsynet, hvis de behandler persondata.

6. Arbejdsgiver beholder mine data i op til fem år efter jeg har forladt arbejdspladen:
GDPR kræver, at arbejdsgivere beholder personoplysninger kun så længe som det er nødvendigt eller tillige tillidelig, normalt op til fem år. Hvis de data er mere relevante for andre formål (fx marketing), skal det være klart og godt dokumenteret.

7. Ja, hvis det er en firmatelefon:
Ja, arbejdsgivere kan overvåge mobiltelefoner som er ejet af virksomheden, som f.eks. smartphones og tableter. Disse overvågelser skal være transparent og i overensstemmelse med GDPR.

Hvis der er spørgsmål eller uklarheder om svar, gerne stille dem til mig igen!"," 1. Ja, det er forskellige ting:
GDPR (General Data Protection Regulation) er en EU-forordning om databeskyttelse, som beskriver reglerne for hvordan privatlivet skal beskyttes, når persondata bliver samlet, bruges og deles. Dataetik, imidlertid, er et samlebegreb for ethiske dilemmaer og moralsk betragtning ved datahåndtering. Derfor er der en forskel på de to begreber.

2. Etiske dilemmaer ved data:
Dataetik handler om at identificere, analyse og løse etiske dilemmaer, som kan opstå i forbindelse med samling, brugen og deling af persondata. Det inkluderer spørgsmålstegn vedrørende overholdelse af privatliv, informationsudløsning, ensidig udsending af information, transparans og autonnomi.

3. En EU-forordning om databeskyttelse:
GDPR er en EU-forordning, der regulerer hvordan privatlivet skal beskyttes, når persondata bliver samlet, bruges og deles. Den er bindende for alle organisationer, som beholder og behandler persondata af EU-borgeere, uanset hvor de er registrerede.

4. Nej:
Arbejdsgiveren har ikke pligt til at udlevere oplysninger om dig selv til dig, efter du har forladt arbejdspladsen. I stedet skal der sikres at persondata, som ikke længere er relevant, bliver slettet.

5. Datatilsynet:
Datatilsynet i Danmark overvåges og følger op på finansielle virksomheders overholdelse af persondatareglerne. Det er den myndighed, der udsteder retningslinjer og rettelser om databeskyttelse samt foretager tilsyn med andre organisationers behandling af persondata.

6. Arbejdsgiver beholder mine data i op til fem år:
Efter at du har forladt arbejdspladsen, kan arbejdsgiveren beholde dine data i op til fem år, men kun i henhold til den rettergang, som kræves af loven. Derfor skal de sikre sig, at persondata ikke bliver brugt uden din samtykke.

7. Ja, hvis det er en firmatelefon:
Ja, arbejdsgiverne har ret til at overvåge deres mobiltelefoner (firma- eller bringe-megle-telefoner) gennem GPS, men kun for sager relateret til virksomheden og ikke for at kontrollere dig personligt. Det er vigtigt, at der er transparans om hvilke data, som bliver indsamlet og hvordan de vil bruges.","['Protection', 'ethiske', 'bearbejdnelse', 'transparence', 'arbejdsgivern', 'ansatterne', 'DPA', 'tilsynelægge', 'privatsector', 'ansatternes', 'forlodelsen', 'ansatters', 'prodktivitet']","['Protection', 'hantere', 'bearbejding', 'ethisk', 'overhaul', 'effektvidig', 'etc', 'lovgivelige', 'afskedgivelse', 'overvågelse']","['Protection', 'sammenhangende', 'hande', 'Protections', 'Directive', 'DPD', 'privatre', 'tableter', 'overvågelser']","['Protection', 'ethiske', 'autonnomi']"
c580ba02-9ce8-4217-a8bf-5b01c3853ca8:latest,0.5,"# Modelfile generated by ""ollama show""
# To build a new Modelfile based on this one, replace the FROM line with:
# FROM c580ba02-9ce8-4217-a8bf-5b01c3853ca8:latest

FROM mistral:7b
TEMPLATE """"""[INST] {{ .System }} {{ .Prompt }} [/INST]""""""
SYSTEM """"""
Jeg vil have du svare på nedenstående quiz vedrørende dataetik. Quizzen er multiple-choice og du skal vælge en af de tre svarmuligheder, som står under hvert spørgsmål. Du er velkommen til at uddybe og begrunde dine svar.
Du må under ingen omstændigheder svare på andre sprog end dansk.

1. Er der forskel på GDPR og dataetik?
    1. Nej, det er to begreber for det samme
    2. Ja, det er forskellige ting 
    3. Det kommer an på konteksten
2. Hvad er dataetik?
    1. Love og regler om datahåndtering
    2. Etiske dilemmaer ved data
    3. God praksis, når man indsamler, bruger og deler data
3. Hvad er GDPR?
    1. En dansk lov om databeskyttelse
    2. En EU-forordning om databeskyttelse
    3. En international aftale om databeskyttelse
4. Betyder GDPR, at jeg har pligt til at udlevere oplysninger om mig selv til min arbejdsgiver?
    1. Ja
    2. Ja, hvis jeg arbejder med fortrolige oplysninger
    3. Nej
5. Hvilken myndighed fører tilsyn med finansielle virksomheders overholdelse af persondatareglerne i Danmark?
    1. Datatilsynet
    2. Finanstilsynet
    3. Konkurrence- og Forbrugerstyrelsen
6. Hvad sker der med mine data, når jeg forlader min arbejdsplads?
    1. Arbejdsgiver beholder mine data i op til fem år efter jeg har forladt arbejdspladen
    2. Alle mine data slettes automatisk, når jeg forlader arbejdspladsen
    3. Jeg skal sørge for at tage mine data med mig til min nye arbejdsgiver
7. Må din arbejdsgiver overvåge din mobiltelefon via en GPS?
    1. Ja, hvis det er en firmatelefon
    2. Nej, det er ikke lovligt
    3. Kun hvis det er et sagligt formål

""""""
PARAMETER num_ctx 32768
PARAMETER stop ""</s>""
PARAMETER stop ""[INST]""
PARAMETER stop ""[/INST]""
PARAMETER stop ""<<SYS>>""
PARAMETER stop ""<</SYS>>""
PARAMETER temperature 0.5
",mistral:7b," 1. Ja, det er forskellige ting:
GDPR (General Data Protection Regulation) er en EU-forordning om databeskyttelse, der regulerer hvordan persondata skal behandles og beskyttes. Dataetik er et samlebegreb, som omfatter alle aspekter af datahåndtering, herunder etiske dilemmaer, god praksis og love og regler. Derfor er de to forskellige ting, selvom de ofte er relateret til hinanden.

2. Etiske dilemmaer ved data:
Dataetik omhandler etiske dilemmaer, der opstår i forbindelse med indsamling, brug og bearbejdnings af data. Disse dilemmer kan for eksempel være knyttet til overholdelse af personlige integritet, informationsfrihed, transparence, sikkerhed mv.

3. En EU-forordning om databeskyttelse:
GDPR er en EU-forordning om databeskyttelse, der trådte i kraft den 25. maj 2018. Den afløste den tidligere EU-dataprotektionsforordning (DP Directive) fra 1995.

4. Ja, jeg har pligt til at udlevere oplysninger om mig selv til min arbejdsgiver:
Ja, ifølge GDPR er arbejdsgiverne ansvarlige for at indsamle og behandle persondata om medarbejderne, herunder deres personoplysninger. Disse oplysninger skal være nødvendige til arbejdsforholdet og skal samlet i en form, der er transparent for medarbejderne.

5. Datatilsynet:
Datatilsynet (DT) er den danske myndighed, som fører tilsyn med overholdelse af persondatareglerne i Danmark. Det er oprettet under EU-forordningen om dataskyttelsesmyndigheder (GDPR Artikel 56).

6. Arbejdsgiver beholder mine data i op til fem år efter jeg har forladt arbejdspladen:
Ja, ifølge GDPR er arbejdsgiverne ansvarlige for at beholde persondata om medarbejderne i op til fem år efter sluttingen af arbejdsforholdet. Det gælder dog kun hvis dataene er nødvendige til yderligere formål, f.eks. til at sikre retssikkerhed eller for at opfylde lovgivning i andre områder.

7. Ja, hvis det er en firmatelefon:
Ja, ifølge GDPR er arbejdsgiverne tilladt at overvåge medarbejdernes mobiltelefoner via en GPS, hvis de har en firma-ejet telefon. Disse data skal dog kun bruges til at opnå et legitim formål, f.eks. at sikre arbejdets effektivitet eller at styrke sikkerheden i virksomheden."," 1. Ja, det er forskellige ting:
GDPR (Generel Data Protection Regulation) er en EU-forordning om databeskyttelse, som regulerer hvordan persondata skal behandles. Dataetik er et samlebegreb, der omfatter alle aspekter af datahåndtering fra et moralisk og etiske perspektiv. Derfor er GDPR en del af dataetik, men de to begreber er ikke synonyme.

2. Etiske dilemmaer ved data:
Dataetik omhandler alle aspekter af datahåndtering fra et moralisk og etiske perspektiv. Det inkluderer spørgsmål som, hvordan man bør indsamle, bruge og deles data, hvilken information er personlig og skal beskyttes, hvorledes man skal informere og samarbejde med dataunderbyggere og datasubjekter, og hvordan man skal hantere sårbarhed og risiko.

3. En EU-forordning om databeskyttelse:
GDPR er en forordning om databeskyttelse, der blev vedtaget af EU-Parlamentet og Rådet i 2016 og trådte i kraft den 25. maj 2018. Det afspejler de europæiske værdier for frihed, selvbestemmelse og respekt for privatlivet, og giver personerne større kontrol over deres data.

4. Ja, hvis jeg arbejder med fortrolige oplysninger:
GDPR kræver, at arbejdsgiverne samler, beholder og bruger kun de persondata, som er nødvendige for at udføre den arbejdsopgave, hvorfor personen blev ansat. Hvis en arbejder med fortrolige oplysninger, kan det være nødvendigt at udlevere oplysninger om sig selv til arbejdsgiveren for at sikre sikkerhed og integritet.

5. Datatilsynet:
Datatilsynet er den danske myndighed, der fører tilsyn med at virksomheder og organisationer overholder databeskyttelseloven (Lov om behandling af personoplysninger) og GDPR. Det er opgaveret under Ministeriet for Erhvervs-, Byggge- og Livsmiljøministeriet.

6. Arbejdsgiver beholder mine data i op til fem år efter jeg har forladt arbejdspladen:
GDPR kræver, at persondata skal slettes, når det er ikke længere nødvendigt, eller hvis der ikke findes anden retmåde til at fortsætte med at beholde det. Hvis en arbejder forlader en virksomhed, kan arbejdsgiveren beholde hans data i op til fem år, hvis der er et godt grundlag for det.

7. Ja, hvis det er en firmatelefon:
En arbejdsgiver har ret til at overvåge en mobiltelefon, som er ejet af virksomheden, for at sikre sikkerhed og integritet, herunder at sikre at virksomhedens data er behandlet på den rigtige måde. Det gælder dog kun firmae- eller andre formål, ikke personlige formål. En arbejder bør have en klar forklaring og viden om, hvad der overvåges og hvilken teknologi der anvendes til at gennemføre overvågningen."," 1. Ja, det er forskellige ting:
GDPR (General Data Protection Regulation) er en EU-forordning om databeskyttelse, som regulerer hvordan persondata skal behandles og beskyttes. Dataetik er et samlebegreb for de etiske, moralske, sociale og juridiske spørgsmål, der opstår ved indsamling, brug og bearbejding af data. Derfor er GDPR en lov- og regelramme for dataetik.
2. Etiske dilemmaer ved data: Ja, datasager ofte inddrager etiske dilemmaer, der bør overvejes sammen med de juridiske aspekter. Det kan f.eks. være spørgsmålet om hvorvidt at indsamle og bruge data er et godt, ønskværdigt eller nødvendigt formål, og hvordan at balancere interesserne mellem de forskellige partier (dataudbydere, dataanspørgsreder og dataundergrunden).
3. En EU-forordning om databeskyttelse: Ja, GDPR er en EU-forordning, der giver alle europæiske borger ret til at have kontrol over deres persondata og sikre dem mod uautoriseret indsamling, brug og bearbejding.
4. Nej:
Arbejdsgiveren har pligt under GDPR at samle oplysninger om ansatterne, som er nødvendige for at han kan opfylde sin arbejdspligt i forhold til de ansatte. Men det gælder kun oplysninger, der er nødvendige for at ansatteforholdet kan dannes og opretholdes, og der skal ikke indsamles mere data end, hvad der er nødvendigt i henhold til arbejdsgiverens formål.
5. Datatilsynet:
Datatilsynet er den myndighed, der fører tilsyn med danske virksomheder og organisationers overholdelse af persondatareglerne. Det er oprettet i henhold til GDPR og databeskyttelsesloven.
6. Arbejdsgiver beholder mine data i op til fem år: Ja, det er en regel under GDPR, at ansatteoplysninger skal bevares i op til fem år efter ansatten har forladt arbejdspladsen. Men det gælder kun de oplysninger, der er nødvendige for at arbejdsgiveren kan opfylde sin arbejdspligt i forhold til den afgansede ansat.
7. Ja, hvis det er en firma-telefon:
Ja, arbejdsgiveren har ret til at overvåge ansatte med mobiltjenester, herunder GPS, hvis det er en firma-telefon. Men der skal være en retmæssig formulering i ansattekontrakten om, at ansatten accepterer at blive overvåget på denne måde. Derudover skal arbejdsgiveren have klart formuleret, hvilke tjenester han overvåger med og hvorfor."," 1. Ja, det er forskellige ting:
GDPR (General Data Protection Regulation) er en EU-forordning om databeskyttelse, som regulerer hvordan persondata skal behandles. Dataetik er et samfundsmæssigt begreb, der omhandler, hvorledes vi bør handle med data i et moralsk og etisk perspektiv. De to begreber er relaterede, men de betegner ikke det samme ting.
2. Etiske dilemmaer ved data:
Ja, dataetik omhandler etiske dilemmaer, som opstår i forbindelse med indsamling, brug og bearbejding af data. Det er en del af databeskyttelsen, der fokuserer på at sikre, at persondata behandles ethisk og moralsk.
3. En EU-forordning om databeskyttelse:
Ja, GDPR er en EU-forordning om databeskyttelse, som giver alle europæiske borger ret til at have kontrol over deres persondata og forpligter virksomheder og organisationer til at behandle dem ethisk og moralsk.
4. Nej:
Arbejdsgiver har ingen pligt til at udlevere oplysninger om dig selv til dig, da det er din persondata. GDPR giver individet kontrol over deres eget persondata.
5. Datatilsynet:
Datatilsynet er den danske myndighed, der fører tilsyn med finansielle virksomheder og andre organisationers overholdelse af persondatareglerne i Danmark.
6. Arbejdsgiver beholder mine data i op til fem år:
Ja, en arbejdsplads kan beholde din persondata i op til fem år efter at du har forladt arbejdspladsen. Det gælder dog kun, hvis de har et godt formål for at holde dem, f.eks. til statistiske eller retlige formål.
7. Ja, hvis det er en firmatelefon:
Ja, en arbejdsplads kan overvåge din mobiltelefon via en GPS, hvis den er en firma-telefon. Det gælder dog kun, hvis der findes et godt formål til at overvåge dig på denne måde.","['Protection', 'transparence', 'mv', 'DP', 'Directive', 'dataskyttelsesmyndigheder']","['Protection', 'moralisk', 'moralisk', 'hantere', 'databeskyttelseloven', 'retmåde']","['Protection', 'bearbejding', 'dataanspørgsreder', 'bearbejding', 'ansatterne', 'ansatteforholdet', 'ansatteoplysninger', 'ansatten', 'afgansede', 'ansattekontrakten', 'ansatten']","['Protection', 'bearbejding', 'ethisk', 'ethisk']"
f6c723ae-39ed-45da-8a7d-aceedfcab2d9:latest,0,"# Modelfile generated by ""ollama show""
# To build a new Modelfile based on this one, replace the FROM line with:
# FROM f6c723ae-39ed-45da-8a7d-aceedfcab2d9:latest

FROM mistral:7b
TEMPLATE """"""[INST] {{ .System }} {{ .Prompt }} [/INST]""""""
SYSTEM """"""
Jeg vil have du svare på nedenstående quiz vedrørende dataetik. Quizzen er multiple-choice og du skal vælge en af de tre svarmuligheder, som står under hvert spørgsmål. Du er velkommen til at uddybe og begrunde dine svar.
Du må under ingen omstændigheder svare på andre sprog end dansk.

1. Er der forskel på GDPR og dataetik?
    1. Nej, det er to begreber for det samme
    2. Ja, det er forskellige ting 
    3. Det kommer an på konteksten
2. Hvad er dataetik?
    1. Love og regler om datahåndtering
    2. Etiske dilemmaer ved data
    3. God praksis, når man indsamler, bruger og deler data
3. Hvad er GDPR?
    1. En dansk lov om databeskyttelse
    2. En EU-forordning om databeskyttelse
    3. En international aftale om databeskyttelse
4. Betyder GDPR, at jeg har pligt til at udlevere oplysninger om mig selv til min arbejdsgiver?
    1. Ja
    2. Ja, hvis jeg arbejder med fortrolige oplysninger
    3. Nej
5. Hvilken myndighed fører tilsyn med finansielle virksomheders overholdelse af persondatareglerne i Danmark?
    1. Datatilsynet
    2. Finanstilsynet
    3. Konkurrence- og Forbrugerstyrelsen
6. Hvad sker der med mine data, når jeg forlader min arbejdsplads?
    1. Arbejdsgiver beholder mine data i op til fem år efter jeg har forladt arbejdspladen
    2. Alle mine data slettes automatisk, når jeg forlader arbejdspladsen
    3. Jeg skal sørge for at tage mine data med mig til min nye arbejdsgiver
7. Må din arbejdsgiver overvåge din mobiltelefon via en GPS?
    1. Ja, hvis det er en firmatelefon
    2. Nej, det er ikke lovligt
    3. Kun hvis det er et sagligt formål

""""""
PARAMETER num_ctx 32768
PARAMETER stop ""</s>""
PARAMETER stop ""[INST]""
PARAMETER stop ""[/INST]""
PARAMETER stop ""<<SYS>>""
PARAMETER stop ""<</SYS>>""
PARAMETER temperature 0
",mistral:7b," 1. Ja, det er forskellige ting:
GDPR (General Data Protection Regulation) er en EU-forordning om databeskyttelse, som regulerer hvordan persondata skal behandles. Dataetik er et samling af principer, regler og praksis, der rører de etiske aspekter ved indsamling, brug og bearbejdnings af data.
2. Etiske dilemmaer ved data: Ja, det er en del af dataetik. Dataetik omhandler både lovmæssige rammer for datahåndtering samt etiske spørgsmål, der opstår i forbindelse med indsamling, bearbejdnings og brug af data.
3. EU-forordning om databeskyttelse: Ja, det er GDPR.
4. Nej:
Arbejdsgiveren har pligt til at beholde oplysninger om ansatterne i forbindelse med arbejdsforholdet, men ikke alle oplysninger om ansatternes personlige liv er tilladte at samles og bebores.
5. Datatilsynet:
Datatilsynet er den danske myndighed, der fører tilsyn med finansielle virksomheders overholdelse af persondatareglerne.
6. Arbejdsgiver beholder mine data i op til fem år efter jeg har forladt arbejdspladen: Ja, det er en regel i GDPR.
7. Ja, hvis det er en firmatelefon:
Arbejdsgiveren kan overvåge ansatters mobiltelefoner med GPS, hvis de er firmatelefoner, men kun for særlige formål og under begrænsninger. Ansatterens samtykke er ofte krævet."," 1. Ja, det er forskellige ting:
GDPR (General Data Protection Regulation) er en EU-forordning om databeskyttelse, som regulerer hvordan persondata skal behandles. Dataetik er et samling af principer, regler og praksis, der rører de etiske aspekter ved indsamling, brug og bearbejdnings af data.
2. Etiske dilemmaer ved data: Ja, det er en del af dataetik. Dataetik omhandler både lovmæssige rammer for datahåndtering samt etiske spørgsmål, der opstår i forbindelse med indsamling, bearbejdnings og brug af data.
3. EU-forordning om databeskyttelse: Ja, det er GDPR.
4. Nej:
Arbejdsgiveren har pligt til at beholde oplysninger om ansatterne i forbindelse med arbejdsforholdet, men ikke alle oplysninger om ansatternes personlige liv er tilladte at samles og bebores.
5. Datatilsynet:
Datatilsynet er den danske myndighed, der fører tilsyn med finansielle virksomheders overholdelse af persondatareglerne.
6. Arbejdsgiver beholder mine data i op til fem år efter jeg har forladt arbejdspladen: Ja, det er en regel i GDPR.
7. Ja, hvis det er en firmatelefon:
Arbejdsgiveren kan overvåge ansatters mobiltelefoner med GPS, hvis de er firmatelefoner, men kun for særlige formål og under begrænsninger. Ansatterens samtykke er ofte krævet."," 1. Ja, det er forskellige ting:
GDPR (General Data Protection Regulation) er en EU-forordning om databeskyttelse, som regulerer hvordan persondata skal behandles. Dataetik er et samling af principer, regler og praksis, der rører de etiske aspekter ved indsamling, brug og bearbejdnings af data.
2. Etiske dilemmaer ved data: Ja, det er en del af dataetik. Dataetik omhandler både lovmæssige rammer for datahåndtering samt etiske spørgsmål, der opstår i forbindelse med indsamling, bearbejdnings og brug af data.
3. EU-forordning om databeskyttelse: Ja, det er GDPR.
4. Nej:
Arbejdsgiveren har pligt til at beholde oplysninger om ansatterne i forbindelse med arbejdsforholdet, men ikke alle oplysninger om ansatternes personlige liv er tilladte at samles og bebores.
5. Datatilsynet:
Datatilsynet er den danske myndighed, der fører tilsyn med finansielle virksomheders overholdelse af persondatareglerne.
6. Arbejdsgiver beholder mine data i op til fem år efter jeg har forladt arbejdspladen: Ja, det er en regel i GDPR.
7. Ja, hvis det er en firmatelefon:
Arbejdsgiveren kan overvåge ansatters mobiltelefoner med GPS, hvis de er firmatelefoner, men kun for særlige formål og under begrænsninger. Ansatterens samtykke er ofte krævet."," 1. Ja, det er forskellige ting:
GDPR (General Data Protection Regulation) er en EU-forordning om databeskyttelse, som regulerer hvordan persondata skal behandles. Dataetik er et samling af principer, regler og praksis, der rører de etiske aspekter ved indsamling, brug og bearbejdnings af data.
2. Etiske dilemmaer ved data: Ja, det er en del af dataetik. Dataetik omhandler både lovmæssige rammer for datahåndtering samt etiske spørgsmål, der opstår i forbindelse med indsamling, bearbejdnings og brug af data.
3. EU-forordning om databeskyttelse: Ja, det er GDPR.
4. Nej:
Arbejdsgiveren har pligt til at beholde oplysninger om ansatterne i forbindelse med arbejdsforholdet, men ikke alle oplysninger om ansatternes personlige liv er tilladte at samles og bebores.
5. Datatilsynet:
Datatilsynet er den danske myndighed, der fører tilsyn med finansielle virksomheders overholdelse af persondatareglerne.
6. Arbejdsgiver beholder mine data i op til fem år efter jeg har forladt arbejdspladen: Ja, det er en regel i GDPR.
7. Ja, hvis det er en firmatelefon:
Arbejdsgiveren kan overvåge ansatters mobiltelefoner med GPS, hvis de er firmatelefoner, men kun for særlige formål og under begrænsninger. Ansatterens samtykke er ofte krævet.","['Protection', 'principer', 'ansatterne', 'ansatternes', 'bebores', 'ansatters', 'Ansatterens']","['Protection', 'principer', 'ansatterne', 'ansatternes', 'bebores', 'ansatters', 'Ansatterens']","['Protection', 'principer', 'ansatterne', 'ansatternes', 'bebores', 'ansatters', 'Ansatterens']","['Protection', 'principer', 'ansatterne', 'ansatternes', 'bebores', 'ansatters', 'Ansatterens']"
mistral:7b,0.8,"# Modelfile generated by ""ollama show""
# To build a new Modelfile based on this one, replace the FROM line with:
# FROM mistral:7b

FROM /Users/nshern/.ollama/models/blobs/sha256:c70fa74a8e81c3bd041cc2c30152fe6e251fdc915a3792147147a5c06bc4b309
TEMPLATE """"""[INST] {{ .System }} {{ .Prompt }} [/INST]""""""
PARAMETER num_ctx 32768
PARAMETER stop ""</s>""
PARAMETER stop ""[INST]""
PARAMETER stop ""[/INST]""
PARAMETER stop ""<<SYS>>""
PARAMETER stop ""<</SYS>>""
",/Users/nshern/.ollama/models/blobs/sha256:c70fa74a8e81c3bd041cc2c30152fe6e251fdc915a3792147147a5c06bc4b309," I'm here to help answer any questions you might have or assist with a task. However, it seems like your message is incomplete as there's no question or request provided. If you could please provide more context or information, I'd be happy to try and help. In the meantime, here are some topics I can assist with:

1. Math problems
2. Science questions
3. English grammar and composition
4. Translating text between languages
5. Finding information on a specific topic
6. Providing explanations for complex concepts
7. Offering suggestions for books, movies, or TV shows based on your preferences
8. Generating creative writing prompts or ideas
9. Helping you learn new skills or hobbies
10. Providing tips and tricks for productivity and time management

Let me know if there's anything specific you need help with, or if you have any other questions!"," I'm here to help answer any questions you might have or provide information on a wide range of topics. However, it seems like there is no question or topic provided in the given input. If you have something specific in mind, please let me know and I'll do my best to assist you.", I'm sorry for the blank response. Could you please provide some context or a specific question for me to help answer? I'll be happy to assist in any way I can.," I'm here to help answer any questions you might have or assist with a task. However, it seems like your message is empty. Could you please provide some context or specify what you would like me to do? If you have a question, feel free to ask and I'll do my best to provide an accurate and helpful response. If you need help with a specific task, let me know what that is and any relevant details or background information. I'm here to make your life easier!","['here', 'help', 'answer', 'any', 'questions', 'you', 'might', 'or', 'with', 'task', 'However', 'seems', 'your', 'message', 'incomplete', 'there', 'no', 'question', 'or', 'request', 'provided', 'If', 'you', 'could', 'context', 'or', 'be', 'happy', 'try', 'help', 'meantime', 'here', 'are', 'some', 'topics', 'can', 'with', 'questions', 'English', 'grammar', 'composition', 'Translating', 'text', 'between', 'languages', 'Finding', 'on', 'specific', 'topic', 'Providing', 'explanations', 'complex', 'concepts', 'Offering', 'books', 'movies', 'or', 'on', 'your', 'preferences', 'creative', 'writing', 'or', 'you', 'learn', 'new', 'skills', 'or', 'hobbies', 'Providing', 'productivity', 'me', 'know', 'if', 'there', 'anything', 'specific', 'you', 'need', 'help', 'with', 'or', 'if', 'you', 'any', 'other', 'questions']","['here', 'help', 'answer', 'any', 'questions', 'you', 'might', 'or', 'on', 'wide', 'range', 'of', 'topics', 'However', 'seems', 'there', 'no', 'question', 'or', 'topic', 'provided', 'If', 'you', 'something', 'specific', 'me', 'know', 'best', 'you']","['sorry', 'response', 'Could', 'you', 'some', 'context', 'or', 'specific', 'question', 'me', 'help', 'answer', 'be', 'happy', 'any', 'way', 'can']","['here', 'help', 'answer', 'any', 'questions', 'you', 'might', 'or', 'with', 'task', 'However', 'seems', 'your', 'message', 'empty', 'Could', 'you', 'some', 'context', 'or', 'specify', 'what', 'you', 'would', 'me', 'If', 'you', 'question', 'free', 'best', 'accurate', 'helpful', 'response', 'If', 'you', 'need', 'help', 'with', 'specific', 'task', 'me', 'know', 'what', 'that', 'any', 'or', 'background', 'here', 'make', 'your', 'life', 'easier']"
